{
    "qc_stats": {
        "total_bp": 2253822600,
        "coverage": 0.00,
        "read_total": 22538226,
        "read_min": 100,
        "read_mean": 100,
        "read_std": 7.62939e-06,
        "read_median": 100,
        "read_max": 100,
        "read_25th": 100,
        "read_75th": 100,
        "qual_min": 2,
        "qual_mean": 34.4548,
        "qual_std": 6.94655,
        "qual_max": 40,
        "qual_median": 37,
        "qual_25th": 35,
        "qual_75th": 37
    },
    "read_lengths": {

        "100": 22538226
    },
    "per_base_quality": {
        "1": 31.9085,        "2": 32.0478,        "3": 32.1,        "4": 35.3809,        "5": 35.3384,
        "6": 35.3078,        "7": 35.3354,        "8": 35.3037,        "9": 36.999,        "10": 36.95,
        "11": 36.9418,        "12": 36.9368,        "13": 36.9158,        "14": 38.4506,        "15": 38.396,
        "16": 38.3913,        "17": 38.4066,        "18": 38.3524,        "19": 38.4324,        "20": 38.4372,
        "21": 38.3818,        "22": 38.2525,        "23": 38.2734,        "24": 38.2633,        "25": 38.271,
        "26": 38.2316,        "27": 38.1248,        "28": 38.1394,        "29": 38.1605,        "30": 38.1323,
        "31": 38.1016,        "32": 38.0542,        "33": 37.9656,        "34": 37.9298,        "35": 37.9049,
        "36": 37.8354,        "37": 37.7823,        "38": 37.7017,        "39": 37.6098,        "40": 37.4734,
        "41": 37.3968,        "42": 37.2847,        "43": 37.1662,        "44": 37.0799,        "45": 36.9551,
        "46": 36.8425,        "47": 36.7087,        "48": 36.5478,        "49": 36.3923,        "50": 36.2739,
        "51": 36.0976,        "52": 35.9121,        "53": 35.7613,        "54": 35.4934,        "55": 35.2937,
        "56": 35.0908,        "57": 34.8875,        "58": 34.6984,        "59": 34.5247,        "60": 34.3188,
        "61": 34.1242,        "62": 33.9625,        "63": 33.7919,        "64": 33.6171,        "65": 33.4489,
        "66": 33.3081,        "67": 33.1572,        "68": 33.0131,        "69": 32.8117,        "70": 32.6999,
        "71": 32.6492,        "72": 32.5434,        "73": 32.4394,        "74": 32.3859,        "75": 32.2387,
        "76": 32.1512,        "77": 32.0629,        "78": 32.0467,        "79": 31.9705,        "80": 31.8872,
        "81": 31.8252,        "82": 31.7905,        "83": 31.7789,        "84": 31.6799,        "85": 31.6854,
        "86": 31.6835,        "87": 31.6417,        "88": 31.6536,        "89": 31.5881,        "90": 31.5618,
        "91": 31.531,        "92": 31.4908,        "93": 31.4515,        "94": 31.4303,        "95": 31.3828,
        "96": 31.3671,        "97": 31.3135,        "98": 31.2303,        "99": 31.1945,        "100": 31.0806
    }
}
